topic,title,url,publish_date,media_name,snippet,full_text
abortion misinformation,AP Top Health News at 6:02 a.m. EDT,https://www.inquirer.com/wires/ap/ap-top-health-news-602-am-edt-20250612.html,2025-06-12,inquirer.com,,
abortion misinformation,AP Top Health News at 10:54 p.m. EDT,https://www.inquirer.com/wires/ap/ap-top-health-news-738-pm-edt-20250611.html,2025-06-12,inquirer.com,,
abortion misinformation,AP Top Health News at 7:38 p.m. EDT,https://www.inquirer.com/wires/ap/ap-top-health-news-721-pm-edt-20250611.html,2025-06-11,inquirer.com,,
abortion misinformation,The downtown L.A. mural that was a prophetic backdrop to ICE street protests,https://www.latimes.com/entertainment-arts/story/2025-06-09/ice-immigration-protests-national-guard-barbara-kruger-mural-moca,2025-06-09,latimes.com,,
abortion misinformation,Texas' latest attack on abortion will fascinate and horrify you,https://www.dailykos.com/story/2025/6/10/2326896/-Texas-latest-attack-on-abortion-will-fascinate-and-horrify-you?pm_campaign=blog&pm_medium=rss&pm_source=,2025-06-10,dailykos.com,,
abortion misinformation,YouTube very quietly loosened its content moderation rules,https://mashable.com/article/youtube-content-moderation-changes,2025-06-09,mashable.com,,
abortion misinformation,The “Science” Behind Trump’s Anti-Trans War Is Incredibly Weak,https://www.thenation.com/article/society/trump-hhs-trans-care-report/,2025-06-09,thenation.com,,
abortion misinformation,YouTube has loosened its content moderation policies,https://www.theverge.com/news/682784/youtube-loosens-moderation-policies-videos-public-interest,2025-06-09,theverge.com,,
abortion misinformation,How Trump defanged the Justice Department’s political-corruption watchdogs,https://www.reuters.com/investigations/how-trump-defanged-justice-departments-political-corruption-watchdogs-2025-06-09/,2025-06-09,reuters.com,,
abortion misinformation,EU Becoming 'Authoritarian' Under Ursula von der Leyen: Ex-French PM,https://www.breitbart.com/europe/2025/06/06/eu-becoming-authoritarian-under-ursula-von-der-leyen-says-ex-french-pm-barnier/,2025-06-06,breitbart.com,,
abortion misinformation,'The bilateral relationship has eroded',https://theweek.com/politics/instant-opinion-canada-us-schools-trump-abortion,2025-06-05,theweek.com,,
abortion misinformation,The Supreme Court Just Cleared the Way for a Flood of “Reverse Discrimination” Lawsuits,https://www.thenation.com/article/society/supreme-court-reverse-discrimination-ames/,2025-06-05,thenation.com,,
abortion misinformation,The Misinformation Campaign Trying to Bring Down Abortion Pills,https://www.thenation.com/article/society/misinformation-campaign-abortion-pills/,2025-06-04,thenation.com,,
abortion misinformation,"KJP Is Now an Independent Voter, and Will Tell You Why in a Book!",https://hotair.com/david-strom/2025/06/04/kjp-is-now-an-independent-voter-and-will-tell-you-why-in-a-book-n3803450,2025-06-04,hotair.com,,
abortion misinformation,Trump Remedies to Harvard ;s Ills Should Respect Free Speech,https://www.realclearpolitics.com/articles/2025/06/01/trump_remedies_to_harvards_ills_should_respect_free_speech_152862.html,2025-06-01,realclearpolitics.com,,
abortion misinformation,"Nine Rulings, One Nation: The Supreme Court’s June Reckoning",https://pjmedia.com/david-manney/2025/05/31/nine-rulings-one-nation-the-supreme-courts-june-reckoning-n4940336,2025-05-31,pjmedia.com,,
abortion misinformation,Harvard's left-leaning history of commencement speakers amid debate about lack of viewpoint diversity,https://www.foxnews.com/media/harvards-left-leaning-history-commencement-speakers-amid-calls-viewpoint-diversity,2025-05-29,foxnews.com,,
abortion misinformation,Plane Flying Over Indy 500 Advertises ‘Abortion Pills by Mail’,https://www.breitbart.com/politics/2025/05/29/plane-flying-over-indy-500-advertises-abortion-pills-by-mail/,2025-05-29,breitbart.com,,
abortion misinformation,US to ban foreign officials over 'flagrant censorship' on social media,https://www.usatoday.com/story/news/politics/2025/05/28/us-ban-foreign-officials-flagrant-censorship-social-media/83903732007/,2025-05-28,usatoday.com,,
abortion misinformation,TAYLOR MILLARD: KOSA Brings European-Style Speech Suppression Onto US Shores,https://dailycaller.com/2025/05/29/opinion-kosa-brings-european-style-speech-suppression-onto-us-shores-taylord-millard/,2025-05-29,dailycaller.com,,
abortion misinformation,Sexual health info online is crucial for teens. Australia’s new tech codes may threaten their access,https://theconversation.com/sexual-health-info-online-is-crucial-for-teens-australias-new-tech-codes-may-threaten-their-access-257645,2025-05-29,theconversation.com,,
abortion misinformation,Will the Biden Decline Scandal Hurt Democrats with Voters?,https://townhall.com//tipsheet/guybenson/2025/05/28/will-the-biden-decline-scandal-hurt-democrats-with-voters-in-upcoming-elections-n2657740,2025-05-28,townhall.com,,
abortion misinformation,"Target, Walmart offer controversial birth control product",https://www.thestreet.com/retail/target-walmart-offer-controversial-birth-control-product-,2025-05-28,thestreet.com,,
abortion misinformation,Planned Parenthood using 'loophole' to get minors gender transitions without parents' OK: watchdog,https://www.foxnews.com/politics/planned-parenthood-using-loophole-get-minors-gender-transitions-without-parents-ok-watchdog,2025-05-27,foxnews.com,,
abortion misinformation,Wednesday briefing: How police got ahead of disinformation in Liverpool,https://www.theguardian.com/world/2025/may/28/wednesday-briefing-how-police-got-ahead-of-disinformation-in-liverpool,2025-05-28,theguardian.com,,
abortion misinformation,Rubio announces visa restrictions for foreigners 'complicit' in censoring Americans,https://www.foxnews.com/politics/rubio-announces-visa-restrictions-foreigners-complicit-censoring-americans,2025-05-28,foxnews.com,,
abortion misinformation,"Argentina used as a ‘testing ground’ for eroding abortion rights, warns Amnesty",https://www.theguardian.com/global-development/2025/may/28/argentina-womens-rights-javier-milei-testing-ground-eroding-abortion-rights-seek-reverse-landmark-legalisation-warning-amnesty,2025-05-28,theguardian.com,,
abortion misinformation,Driver rams van into crowd at Liverpool FC parade,https://theweek.com/crime/liverpool-parade-car-crash,2025-05-27,theweek.com,,
abortion misinformation,My Turn: ‘War is Peace. Freedom is Slavery. Ignorance is Strength.’ — 1984 in 2025,https://www.recorder.com/Columnist-Baker-61361343,2025-05-27,recorder.com,,
abortion misinformation,"FBI announces new probes into Dobbs Supreme Court leak, White House cocaine incident",https://www.reuters.com/world/us/fbi-announces-new-probes-into-dobbs-supreme-court-leak-white-house-cocaine-2025-05-26/,2025-05-26,reuters.com,,
abortion misinformation,What I Learned After Fleeing U.S. Politics,https://www.buzzfeed.com/lisabernardi/left-united-states-donald-trump-election,2025-05-26,buzzfeed.com,,
abortion misinformation,British speech codes show importance of our Constitution,https://www.ocregister.com/2025/05/25/british-speech-codes-show-importance-of-our-constitution/,2025-05-25,ocregister.com,,
abortion misinformation,British speech codes show importance of our Constitution,https://www.sandiegouniontribune.com/2025/05/25/british-speech-codes-show-importance-of-our-constitution/,2025-05-25,sandiegouniontribune.com,,
abortion misinformation,"Newly Adopted WHO Pandemic Pact Is a Step Toward ‘Global Surveillance Superstate,’ Expert Warns",https://www.dailysignal.com/2025/05/23/newly-adopted-who-pandemic-pact-is-step-toward-global-surveillance-superstate-expert-says/,2025-05-23,dailysignal.com,,
abortion misinformation,Kash Patel Shuts Down the Deep State’s Nerve Center,https://www.dailysignal.com/2025/05/22/kash-patel-shuts-down-the-deep-states-nerve-center/,2025-05-22,dailysignal.com,,
abortion misinformation,State and federal MPs describe death threats and vile abuse in wake of Joanna Howe’s anti-abortion campaign,https://www.theguardian.com/world/2025/may/21/state-and-federal-mps-describe-death-threats-and-vile-abuse-in-wake-of-joanna-howes-anti-abortion-campaign-ntwnfb,2025-05-21,theguardian.com,,
abortion misinformation,3 Teens Almost Got Away With Murder. Then Police Found Their Google Searches,https://www.wired.com/story/find-my-iphone-arson-case/,2025-05-21,wired.com,,
abortion misinformation,Columnist Carrie N. Baker: ‘War is Peace. Freedom is Slavery. Ignorance is Strength.’ — 1984 in 2025,https://www.gazettenet.com/Columnist-Baker-61272024,2025-05-21,gazettenet.com,,
abortion misinformation,"AI can be more persuasive than humans in debates, scientists find",https://www.theguardian.com/technology/2025/may/19/ai-can-be-more-persuasive-than-humans-in-debates-scientists-find-implications-for-elections,2025-05-19,theguardian.com,,
abortion misinformation,ALEX CLARK: The Abortion Pill Is a Lie — And the FDA Is Helping Sell It,https://dailycaller.com/2025/05/19/alex-clark-abortion-pill-fda-medical-malpractice/,2025-05-19,dailycaller.com,,
abortion misinformation,Grandma Arrested Near Scottish Abortion Clinic Issues Warning,https://www.breitbart.com/europe/2025/05/17/this-is-unjust-grandma-arrested-near-scottish-abortion-clinic-warns-of-further-attacks-on-free-speech/,2025-05-17,breitbart.com,,
abortion misinformation,Massachusetts SUED For Allegedly Teaming Up With Abortionist Group To Censor Pro-Lifers,https://www.newsbusters.org/blogs/culture/justine-brooke-murray/2025/05/16/massachusetts-sued-allegedly-teaming-abortionist,2025-05-16,newsbusters.org,,
abortion misinformation,New standards for Oklahoma high school students promote misinformation about the 2020 election,https://www.ajc.com/news/nation-world/new-standards-for-oklahoma-high-school-students-promote-misinformation-about-the-2020-election/YIVKO2MKOFGHLC6RHUJ5OB4DLU/,2025-05-17,ajc.com,,
abortion misinformation,Grandmother arrested at abortion clinic warns of expanding free speech 'buffer zones',https://www.foxnews.com/world/grandmother-arrested-abortion-clinic-warns-expanding-free-speech-buffer-zones,2025-05-17,foxnews.com,,
abortion misinformation,"‘Eddington’ Review: Joaquin Phoenix and Pedro Pascal Shoot Blanks in Ari Aster’s Neo-Western, Which Confuses Absurdism With Incoherence",https://www.hollywoodreporter.com/movies/movie-reviews/eddington-review-joaquin-phoenix-pedro-pascal-ari-aster-1236219580/,2025-05-16,hollywoodreporter.com,,
abortion misinformation,California Gov. Gavin Newsom tries to rebrand himself ahead of a potential presidential run,https://www.newsday.com/long-island/politics/gavin-newsom-california-governor-president-2028-moderate-p08048,2025-05-15,newsday.com,,
abortion misinformation,Editorial: Shield them,https://www.rutlandherald.com/opinion/editorials/editorial-shield-them/article_67d9fc1e-dc10-49ca-aa8f-b16d2c20ecca.html,2025-05-16,rutlandherald.com,,
abortion misinformation,California Gov. Gavin Newsom tries to rebrand himself ahead of a potential presidential run,https://abcnews.go.com/Politics/wireStory/california-gov-gavin-newsom-rebrand-ahead-potential-presidential-121847923,2025-05-15,abcnews.go.com,,
abortion misinformation,California Gov. Gavin Newsom tries to rebrand himself ahead of a potential presidential run,https://www.ajc.com/news/nation-world/california-gov-gavin-newsom-tries-to-rebrand-himself-ahead-of-a-potential-presidential-run/3Q5H3IEPRJB25OB4IPJWW7VB2Y/,2025-05-15,ajc.com,,
abortion misinformation,California Gov. Gavin Newsom tries to rebrand himself ahead of a potential presidential run,https://www.seattletimes.com/nation-world/nation/california-gov-gavin-newsom-tries-to-rebrand-himself-ahead-of-a-potential-presidential-run/?utm_source=RSS&utm_medium=Referral&utm_campaign=RSS_all,2025-05-15,seattletimes.com,,
abortion misinformation,RFK Jr orders mifepristone review as anti-abortion groups push for ban,https://www.theguardian.com/us-news/2025/may/14/rfk-jr-fda-abortion-pill-mifepristone,2025-05-14,theguardian.com,,
abortion misinformation,The administration pulled funding for research on devices for babies with heart conditions.,https://www.nytimes.com/live/2025/05/13/us/trump-news-saudi-arabia/the-administration-pulled-funding-for-research-on-devices-for-babies-with-heart-conditions,2025-05-13,nytimes.com,,
abortion misinformation,Abortion pills to be easier to access after Greens bill passes in NSW despite opposition from Tony Abbott,https://www.theguardian.com/world/2025/may/14/nsw-medical-abortion-access-bill-passes-both-houses-ntwnfb,2025-05-14,theguardian.com,,
abortion misinformation,Debate turns raucous as House panel weighs Medicaid cuts,https://www.staradvertiser.com/2025/05/14/breaking-news/debate-turns-raucous-as-house-panel-weighs-medicaid-cuts/,2025-05-14,staradvertiser.com,,
abortion misinformation,Live Updates: Trump Meets With Ex-Rebel Who Now Leads Syria,https://www.nytimes.com/live/2025/05/14/us/trump-news-middle-east/heres-the-latest,2025-05-14,nytimes.com,,
abortion misinformation,Editorial Roundup: United States,https://www.inquirer.com/wires/ap/editorial-roundup-united-states-20250513.html,2025-05-13,inquirer.com,,
abortion misinformation,Price says some Liberals still back nuclear – as it happened,https://www.theguardian.com/australia-news/live/2025/may/13/australia-news-live-sussan-ley-angus-taylor-liberal-leadership-ballot-jim-chalmers-anthony-albanese-labor-economy-ntwnfb,2025-05-13,theguardian.com,,
abortion misinformation,What is the new abortion bill in NSW – and why is Tony Abbott trying to stop it?,https://www.theguardian.com/australia-news/2025/may/13/what-is-the-new-abortion-bill-nsw-services-law-reform,2025-05-13,theguardian.com,,
abortion misinformation,5 places to turn for accurate health information,https://www.sandiegouniontribune.com/2025/05/13/5-places-to-turn-for-accurate-health-information/,2025-05-13,sandiegouniontribune.com,,
abortion misinformation,Conservatives are trumpeting a new abortion-pill study. One problem: it’s bogus,https://www.theguardian.com/commentisfree/2025/may/13/republican-conservatives-abortion-pill-study-fda,2025-05-12,theguardian.com,,
abortion misinformation,‘We’re ready to fight’: activists brace as US anti-rights figures descend on Africa,https://www.theguardian.com/global-development/2025/may/09/africa-family-values-anti-rights-conferences-conservative-christian-abortion-lgbtq-gender-uganda-kenya-rwanda,2025-05-09,theguardian.com,,
abortion misinformation,Bill Gates Reveals Plans To ‘Double’ Spending From His Liberal Nonprofit,https://dailycaller.com/2025/05/09/bill-gates-reveals-plans-to-double-spending-from-his-liberal-nonprofit/,2025-05-09,dailycaller.com,,
abortion misinformation,The Purely Progressive Pulitzer Prize Parade,https://www.dailysignal.com/2025/05/07/purely-progressive-pulitzer-prize-parade/,2025-05-07,dailysignal.com,,
abortion misinformation,"Trump Dumps COVID Tyrant Surgeon General Pick, Names MAHA Ally Instead",https://pjmedia.com/catherinesalgado/2025/05/07/is-trumps-covid-tyrant-surgeon-general-pick-out-n4939571,2025-05-07,pjmedia.com,,
abortion misinformation,The Purely Progressive Pulitzer Prize Parade,https://www.realclearpolitics.com/articles/2025/05/07/the_purely_progressive_pulitzer_prize_parade_152755.html,2025-05-07,realclearpolitics.com,,
abortion misinformation,Column: The Purely Progressive Pulitzer Prize Parade,https://www.newsbusters.org/blogs/nb/tim-graham/2025/05/07/column-purely-progressive-pulitzer-prize-parade,2025-05-07,newsbusters.org,,
abortion misinformation,The Purely Progressive Pulitzer Prize Parade,https://townhall.com/columnists/timgraham/2025/05/07/the-purely-progressive-pulitzer-prize-parade-n2656662,2025-05-07,townhall.com,,
abortion misinformation,"Pulitzer Prizes Award Top Honors for Fake News Item, Show Our Media Has Still Learned Nothing",https://redstate.com/bradslager/2025/05/06/the-pulitzer-prize-shows-our-media-has-still-not-learned-as-they-award-a-fake-news-item-for-top-honors-n2188753,2025-05-06,redstate.com,,
abortion misinformation,"MRC Announces Fourth Annual Bulldog Award Winners: Sowell, Musk, Kelly, Jennings, Strassel, Erickson, Kaminsky and Lindquist",https://www.newsbusters.org/blogs/nb/nb-staff/2025/05/06/mrc-announces-fourth-annual-bulldog-award-winners-sowell-musk-kelly,2025-05-06,newsbusters.org,,
abortion misinformation,"WATCH: Far-Right Politician Rips Down, Burns EU Flag After Losing Immunity Over Antisemitic Disruptions",https://www.ibtimes.com/watch-far-right-politician-rips-down-burns-eu-flag-after-losing-immunity-over-antisemitic-3772636,2025-05-06,ibtimes.com,,
abortion misinformation,Look at how Reform speaks about minorities. Why would Labour want to mimic this nasty party?,https://www.theguardian.com/commentisfree/2025/may/05/reform-minorities-labour-british-public-keir-starmer,2025-05-05,theguardian.com,,
abortion misinformation,"MMR vaccine doesn’t contain ‘aborted fetus debris,’ as RFK Jr. claims",https://www.upi.com/Voices/2025/05/05/mmr-vaccine-contents-measles-outbreak/2521746453399/,2025-05-05,upi.com,,
abortion misinformation,What’s going on with abortion? Most of the action is happening in the states.,https://www.bostonglobe.com/2025/05/05/newsletters/starting-point-state-abortion-laws-access-changing-since-trump/,2025-05-05,bostonglobe.com,,
abortion misinformation,"Maga’s era of ‘soft eugenics’: let the weak get sick, help the clever breed",https://www.theguardian.com/us-news/ng-interactive/2025/may/04/maga-soft-eugenics,2025-05-04,theguardian.com,,
abortion misinformation,Letters: Pope Francis was prescient on climate,https://www.mercurynews.com/2025/05/02/letters-pope-francis-was-prescient-on-climate/,2025-05-02,mercurynews.com,,
abortion misinformation,Thursday: Below the Fold,https://patriotpost.us/articles/116859-thursday-below-the-fold-2025-05-01,2025-05-01,patriotpost.us,,
abortion misinformation,"The MMR vaccine doesn’t contain ‘aborted fetus debris’, as RFK Jr has claimed. Here’s the science",https://theconversation.com/the-mmr-vaccine-doesnt-contain-aborted-fetus-debris-as-rfk-jr-has-claimed-heres-the-science-255718,2025-05-02,theconversation.com,,
abortion misinformation,New Research Shows Abortion Pills' Real Risk,https://www.newsweek.com/new-research-shows-abortion-pills-real-risk-opinion-2065301,2025-05-02,newsweek.com,,
abortion misinformation,Read Trump’s 2026 Discretionary Budget Request,https://www.nytimes.com/interactive/2025/05/02/us/budget-request-2026-document.html,2025-05-02,nytimes.com,,
abortion misinformation,BEDSIDER.ORG LAUNCHES EXPERT-LED VIDEO SERIES TACKLING MOST SEARCHED FOR SEXUAL HEALTH QUESTIONS,https://www.benzinga.com/pressreleases/25/05/n45142690/bedsider-org-launches-expert-led-video-series-tackling-most-searched-for-sexual-health-questions,2025-05-01,benzinga.com,,
abortion misinformation,"If you're not furious about this yet, you should be",https://www.alternet.org/alternet-exclusives/structural-eugenics/,2025-05-01,alternet.org,,
abortion misinformation,"In Trump's America, the feds choose who lives and who dies. That should terrify us all",https://www.rawstory.com/raw-investigates/donald-trump-robert-f-kennedy/,2025-04-30,rawstory.com,,
abortion misinformation,Where Trump policies and Project 2025 proposals match up,https://www.cbsnews.com/minnesota/news/trump-project-2025-playbook/,2025-02-03,cbsnews.com,,
abortion misinformation,Where Trump policies and Project 2025 proposals match up,https://www.cbsnews.com/colorado/news/trump-project-2025-playbook/,2025-02-03,cbsnews.com,,
abortion misinformation,How Trump's policies and Project 2025 proposals match up after first 100 days,https://www.cbsnews.com/texas/news/trump-project-2025-first-100-days/,2025-04-29,cbsnews.com,,
abortion misinformation,How Trump's policies and Project 2025 proposals match up after first 100 days,https://www.cbsnews.com/chicago/news/trump-project-2025-first-100-days/,2025-04-29,cbsnews.com,,
abortion misinformation,How Trump's policies and Project 2025 proposals match up after first 100 days,https://www.cbsnews.com/philadelphia/news/trump-project-2025-first-100-days/,2025-04-29,cbsnews.com,,
abortion misinformation,How Trump's policies and Project 2025 proposals match up after first 100 days,https://www.cbsnews.com/news/trump-project-2025-first-100-days/,2025-04-29,cbsnews.com,,
abortion misinformation,Rep. Mike Lawler: Bipartisan or MAGA?,https://www.opednews.com/populum/page.php?f=Rep-Mike-Lawler-Bipartis-Republican-Apocalypse-Gop-Apocalypse_Republican-Sexism-250427-285.html,2025-04-27,opednews.com,,
abortion misinformation,‘Standing up for Christian values’: US evangelicals keep the faith with Trump,https://www.theguardian.com/us-news/2025/apr/28/trump-evangelicals-christians,2025-04-28,theguardian.com,,
abortion misinformation,Crisis pregnancy centers in SC may see financial boost through proposed tax credit bill,https://www.postandcourier.com/politics/state_politics/crisis-pregnancy-centers-south-carolina-tax-credit/article_3b3bf510-763f-45d0-aedb-68292af817d9.html,2025-04-28,postandcourier.com,,
abortion misinformation,The GOP Keeps Losing Public Abortion Votes. So It’s Trying an Absurd New Ploy.,https://slate.com/news-and-politics/2025/04/gop-republican-abortion-vote-missouri-fail.html?via=rss,2025-04-25,slate.com,,
abortion misinformation,The Untold Story Of How Ed Martin Ghostwrote Online Attacks Against a Judge—And Still Became A Top Trump Prosecutor,https://talkingpointsmemo.com/news/ed-martin-dc-us-attorney-ghostwrote-attacks-judge,2025-04-25,talkingpointsmemo.com,,
abortion misinformation,Trump Takes Aim Directly At Democratic Party’s Infrastructure,https://talkingpointsmemo.com/where-things-stand/trump-takes-aim-directly-at-democratic-partys-infrastructure,2025-04-24,talkingpointsmemo.com,,
abortion misinformation,"EXCLUSIVE: ‘Terrorism’ Database Nuked By Trump Listed Pride Flag Burnings, Called Butler Shooter ‘Anti-Immigration’",https://dailycaller.com/2025/04/24/exclusive-terrorism-database-nuked-by-trump-listed-pride-flag-burnings-called-butler-shooter-anti-immigration/,2025-04-24,dailycaller.com,,
abortion misinformation,The Untold Story of How Ed Martin Ghostwrote Online Attacks Against a Judge — and Still Became a Top Trump Prosecutor,https://www.propublica.org/article/ed-martin-trump-interim-dc-us-attorney-secret-judge-attacks,2025-04-24,propublica.org,,
abortion misinformation,'Deliberately interfering': Top Trump lawyer ghostwrote furious online attacks,https://www.rawstory.com/deliberately-interfering-top-trump-lawyer-ghostwrote-furious-online/,2025-04-24,rawstory.com,,
abortion misinformation,Officials launch task force to root out ‘anti-Christian bias’ in VA,https://www.armytimes.com/veterans/2025/04/23/officials-launch-task-force-to-root-out-anti-christian-bias-in-va/,2025-04-23,armytimes.com,,
abortion misinformation,Officials launch task force to root out ‘anti-Christian bias’ in VA,https://www.airforcetimes.com/veterans/2025/04/23/officials-launch-task-force-to-root-out-anti-christian-bias-in-va/,2025-04-23,airforcetimes.com,,
abortion misinformation,Officials launch task force to root out ‘anti-Christian bias’ in VA,https://www.navytimes.com/veterans/2025/04/23/officials-launch-task-force-to-root-out-anti-christian-bias-in-va/,2025-04-23,navytimes.com,,
birth control myths,Doctor with $300K salary earns more as TikTok influencer than at her day job,https://nypost.com/2025/06/04/lifestyle/doctor-with-300k-salary-earns-more-as-tiktok-influencer-than-atn-her-day-job/,2025-06-04,nypost.com,,
birth control myths,"Target, Walmart offer controversial birth control product",https://www.thestreet.com/retail/target-walmart-offer-controversial-birth-control-product-,2025-05-28,thestreet.com,,
birth control myths,What I Learned After Fleeing U.S. Politics,https://www.buzzfeed.com/lisabernardi/left-united-states-donald-trump-election,2025-05-26,buzzfeed.com,,
birth control myths,Some birth control users go years without a period — is it safe?,https://www.cnn.com/2025/05/21/health/birth-control-continuous-use-pill-wellness,2025-05-21,cnn.com,,
birth control myths,Sex and disability: Nigerian women share their stories,https://theconversation.com/sex-and-disability-nigerian-women-share-their-stories-254405,2025-05-19,theconversation.com,,
birth control myths,5 places to turn for accurate health information,https://www.sandiegouniontribune.com/2025/05/13/5-places-to-turn-for-accurate-health-information/,2025-05-13,sandiegouniontribune.com,,
birth control myths,Opinion: CT should not let another bald eagle die from poison,https://www.courant.com/2025/05/13/opinion-ct-should-not-let-another-bald-eagle-die-from-poison/,2025-05-13,courant.com,,
birth control myths,People's Worst Female Anatomy Misconceptions,https://www.buzzfeed.com/carleysuthers/incorrect-womens-anatomy-statements,2025-05-11,buzzfeed.com,,
birth control myths,Conspiracy Theorist Tapped For Top Medical Position,https://www.buzzfeed.com/lydiaoconnor/casey-means-surgeon-general-conspiracy-theorist,2025-05-08,buzzfeed.com,,
birth control myths,What if menopause were optional?,https://www.vox.com/life/410612/menopause-women-aging-rapamycin-ovaries-estrogen-health,2025-05-05,vox.com,,
birth control myths,Concern after HHS report advocates for therapy for trans kids over gender-affirming care,https://abcnews.go.com/Health/concern-after-hhs-report-advocates-therapy-trans-kids/story?id=121372589,2025-05-02,abcnews.go.com,,
birth control myths,BEDSIDER.ORG LAUNCHES EXPERT-LED VIDEO SERIES TACKLING MOST SEARCHED FOR SEXUAL HEALTH QUESTIONS,https://www.benzinga.com/pressreleases/25/05/n45142690/bedsider-org-launches-expert-led-video-series-tackling-most-searched-for-sexual-health-questions,2025-05-01,benzinga.com,,
birth control myths,RFK Jr. is the real wild card in protecting Obamacare,https://www.newsday.com/opinion/commentary/obamacare-affordable-care-act-tu4vj2rv,2025-04-28,newsday.com,,
birth control myths,"The Latest: Hegseth had an unsecured internet line in his office for Signal, AP sources say",https://www.inquirer.com/wires/ap/latest-hegseth-had-an-unsecured-internet-line-his-office-signal-ap-sources-say-20250424.html,2025-04-24,inquirer.com,,
birth control myths,"The Latest: Hegseth had an unsecured internet line in his office for Signal, AP sources say",https://www.ajc.com/news/nation-world/the-latest-hegseth-had-an-unsecured-internet-line-in-his-office-for-signal-ap-sources-say/5BR6ZPN65JDGHCCMT7I4NC2TJ4/,2025-04-24,ajc.com,,
birth control myths,Officials launch task force to root out ‘anti-Christian bias’ in VA,https://www.armytimes.com/veterans/2025/04/23/officials-launch-task-force-to-root-out-anti-christian-bias-in-va/,2025-04-23,armytimes.com,,
birth control myths,Officials launch task force to root out ‘anti-Christian bias’ in VA,https://www.airforcetimes.com/veterans/2025/04/23/officials-launch-task-force-to-root-out-anti-christian-bias-in-va/,2025-04-23,airforcetimes.com,,
birth control myths,Officials launch task force to root out ‘anti-Christian bias’ in VA,https://www.navytimes.com/veterans/2025/04/23/officials-launch-task-force-to-root-out-anti-christian-bias-in-va/,2025-04-23,navytimes.com,,
birth control myths,34 Products Under $25 You’ll Wish You'd Found Sooner,https://www.buzzfeed.com/jessicahall2/products-wish-bought-years-ago,2025-04-11,buzzfeed.com,,
birth control myths,"Period pain, raw carrots and why the internet is freaking out",https://www.usatoday.com/story/life/health-wellness/2025/04/02/raw-carrots-menstrual-cramps-period-pain/82745337007/,2025-04-02,usatoday.com,,
birth control myths,"Trump Administration Freezing Planned Parenthood Funding for Review, and That May Not Be All",https://townhall.com/tipsheet/rebeccadowns/2025/03/26/trump-freezing-planned-parenthood-funding-for-review-n2654487,2025-03-26,townhall.com,,
birth control myths,The Senate confirms Trump’s anti-abortion pick to lead the FDA,https://www.motherjones.com/politics/2025/03/senate-confirms-trumps-anti-abortion-pick-to-lead-the-fda/,2025-03-26,motherjones.com,,
birth control myths,"I'm pregnant with my 2nd kid at 40, and I still don't feel like a grown-up",https://www.businessinsider.com/pregnant-40-still-dont-feel-grown-up-2025-3,2025-03-18,businessinsider.com,,
birth control myths,Even rightwingers are mocking the ‘Epstein files’ as a lot of redacted nothing,https://www.theguardian.com/commentisfree/2025/mar/01/epstein-files-trump-administration,2025-03-01,theguardian.com,,
birth control myths,NYT Obliterates the Myth That Planned Parenthood Is About Anything Other than Abortion,https://pjmedia.com/chris-queen/2025/02/26/nyt-obliterates-the-myth-that-planned-parenthood-is-about-anything-other-than-abortion-n4937343,2025-02-26,pjmedia.com,,
birth control myths,The pill hasn’t been improved in years. No wonder women are giving up on it,https://www.theguardian.com/society/commentisfree/2025/feb/22/the-pill-hasnt-been-improved-in-years-no-wonder-women-are-giving-up-on-it,2025-02-22,theguardian.com,,
birth control myths,31 Americans Share How They Feel About Their Future,https://www.buzzfeed.com/ravenishak/how-americans-feel-about-their-future,2025-02-21,buzzfeed.com,,
birth control myths,"New report exposes botched procedures, poor conditions at Planned Parenthood abortion clinics",https://www.foxnews.com/media/new-report-exposes-botched-procedures-poor-conditions-planned-parenthood-abortion-clinics,2025-02-18,foxnews.com,,
birth control myths,Live Love Life Has Carved Out A Holistic Approach To Healthcare And Safety For Those Suffering From Acquired Diseases,https://www.ibtimes.com/live-love-life-has-carved-out-holistic-approach-healthcare-safety-those-suffering-acquired-3764152,2025-02-18,ibtimes.com,,
birth control myths,"Amid the fight for abortion rights, Planned Parenthood finds its clinics in crisis",https://www.bostonglobe.com/2025/02/15/nation/planned-parenthood-crisis/,2025-02-15,bostonglobe.com,,
birth control myths,What To Know About Belle Gibson: Netflix’s ‘Apple Cider Vinegar’ Inspired By Bogus Health Influencer Debuts Thursday,https://www.forbes.com/sites/maryroeloffs/2025/02/03/what-to-know-about-belle-gibson-netflixs-apple-cider-vinegar-inspired-by-bogus-health-influencer-debuts-thursday/,2025-02-03,forbes.com,,
birth control myths,"These cities have big rat problems, and there’s one thing to blame",https://www.cnn.com/2025/01/31/climate/rats-cities-temperature-increase/index.html,2025-01-31,cnn.com,,
birth control myths,Men's Opinions On Male Birth Control,https://www.buzzfeed.com/brittanywong/men-get-real-about-whether-theyd-use-male-birth-control-sc,2025-01-31,buzzfeed.com,,
birth control myths,What really happens to fertility after age 35 — and the truth about ‘geriatric pregnancies’,https://nypost.com/2025/01/30/health/what-happens-to-fertility-after-age-35-according-to-a-doctor/,2025-01-30,nypost.com,,
birth control myths,‘Young women can fall pregnant very easily’: inside the wild west of smartphone fertility apps,https://www.theguardian.com/technology/2025/jan/19/young-women-can-fall-pregnant-very-easily-inside-the-wild-west-of-smartphone-fertility-apps,2025-01-19,theguardian.com,,
birth control myths,Trump’s next attacks on abortion rights will be more insidious than a ban,https://www.motherjones.com/politics/2025/01/trumps-next-attacks-on-abortion-rights-will-be-more-insidious-than-a-ban/,2025-01-17,motherjones.com,,
birth control myths,17 Reasons People Who Weren't In Love Got Married,https://www.buzzfeed.com/lizmrichardson/people-who-didnt-get-married-for-love-stories,2025-01-15,buzzfeed.com,,
birth control myths,This Health Influencer Claimed She Cured Her Fake Cancer With A Healthy Diet—And Now She's Inspired A Netflix Show,https://www.forbes.com/sites/maryroeloffs/2025/01/14/this-health-influencer-claimed-she-cured-her-fake-cancer-with-a-healthy-diet-and-now-shes-inspired-a-netflix-show/,2025-01-14,forbes.com,,
birth control myths,The Make America Healthy Movement is a threat to public health,https://www.msnbc.com/opinion/msnbc-opinion/rfk-jr-make-america-healthy-again-indoctrination-vaccines-rcna186046,2025-01-05,msnbc.com,,
birth control myths,The RedState REMMY AWARDS,https://redstate.com/bradslager/2025/01/04/the-redstate-remmy-awards-the-media-mayhem-and-journalism-dysfunction-of-2024-part-3-category-winners-n2183953,2025-01-04,redstate.com,,
birth control myths,Newborns are being left in dumpsters in Texas. Republicans don't care,https://www.salon.com/2025/01/02/newborns-are-being-left-in-dumpsters-in-texas-but-dont-seem-to-care/,2025-01-02,salon.com,,
birth control myths,The Case for Finding Common Ground With RFK,https://www.theatlantic.com/podcasts/archive/2024/12/rfk-common-ground/681186/?utm_source=feed,2024-12-31,theatlantic.com,,
birth control myths,“Women In The Driver’s Seat”: Women’s Health Experts’ 2025 Predictions,https://www.forbes.com/sites/evaepker/2024/12/28/women-in-the-drivers-seat-womens-health-experts-2025-predictions/,2024-12-28,forbes.com,,
birth control myths,"The ""tradwife"" trend isn't real",https://www.salon.com/2024/12/19/tradwives-were-the-hot-topic-online-in-2024-but-offline-women-are-more-independent-than-ever/,2024-12-19,salon.com,,
birth control myths,People who rely on birth control to manage health conditions worry about access,https://www.npr.org/2024/12/16/nx-s1-5214665/people-who-rely-on-birth-control-to-manage-health-conditions-worry-about-access,2024-12-16,npr.org,,
birth control myths,How abortion bans impact contraception care,https://www.salon.com/2024/12/11/abortion-bans-are-profoundly-impacting-affecting-contraceptive-care-study-finds/,2024-12-11,salon.com,,
birth control myths,Sterilized for the Resistance! Now Leftist Women Get Hysterical Hysterectomies…in Protest of Trump?!,https://redstate.com/bradslager/2024/12/06/sterilized-for-the-resistance-now-leftist-women-get-hysterical-hysterectomiesin-protest-of-trump-n2182892,2024-12-06,redstate.com,,
birth control myths,"False claims about hidden Plan B ""pill"" in pregnancy tests resurface online. Here's what to know.",https://www.cbsnews.com/pittsburgh/news/plan-b-false-claims-about-hidden-pill-in-pregnancy-tests-online-what-to-know/,2024-12-05,cbsnews.com,,
birth control myths,"False claims about hidden Plan B ""pill"" in pregnancy tests resurface online. Here's what to know.",https://www.cbsnews.com/texas/news/plan-b-false-claims-about-hidden-pill-in-pregnancy-tests-online-what-to-know/,2024-12-05,cbsnews.com,,
birth control myths,"False claims about hidden Plan B ""pill"" in pregnancy tests resurface online. Here's what to know.",https://www.cbsnews.com/news/plan-b-false-claims-about-hidden-pill-in-pregnancy-tests-online-what-to-know/,2024-12-05,cbsnews.com,,
birth control myths,"The US supreme court’s trans rights case threatens decades of civil rights precedent, experts say",https://www.theguardian.com/us-news/2024/dec/04/supreme-court-trans-youth-civil-rights,2024-12-05,theguardian.com,,
birth control myths,TikTok promotes birth control misinformation,https://www.salon.com/2024/11/25/tiktok-is-being-flooded-with-birth-control-misinformation-is-it-stopping-women-from-taking-it/,2024-11-25,salon.com,,
birth control myths,Here’s Why Abortion Largely Won on Election Day—But Not on the Top of the Ticket,https://www.scientificamerican.com/article/heres-why-abortion-largely-won-on-election-day-but-not-on-the-top-of-the-ticket/,2024-11-22,scientificamerican.com,,
birth control myths,WNBA Star Napheesa Collier Partners With Opill To Advocate For Reproductive Health,https://www.forbes.com/sites/carolinefitzgerald/2024/11/21/wnba-star-napheesa-collier-signs-partnership-with-opill-to-advocate-for-reproductive-health/,2024-11-21,forbes.com,,
birth control myths,The Second Coming of Trump Has Heralded a New Type of Sex Strike Among Women. It’s Not the First Time.,https://slate.com/life/2024/11/4b-movement-what-is-usa-meaning-2024-election.html?via=rss,2024-11-04,slate.com,,
birth control myths,Will abortion rights survive a Republican trifecta? Top activists respond,https://www.newsweek.com/will-abortion-rights-survive-republican-trifecta-top-activists-respond-1984656,2024-11-17,newsweek.com,,
birth control myths,"Morning-after pill sales surge online, telehealth companies say, as women prepare for second Trump term",https://www.cnn.com/2024/11/12/health/morning-after-pill-plan-b-sales-trump/index.html,2024-11-12,cnn.com,,
birth control myths,Rough ride coming | Letters,https://www.rutlandherald.com/opinion/letters/rough-ride-coming/article_00c25440-9f90-11ef-9a8e-bfdccd94fa7d.html,2024-11-12,rutlandherald.com,,
birth control myths,Google searches for contraception surge after Trump win,https://www.newsweek.com/contraception-google-searches-surge-donald-trump-election-win-1982008,2024-11-07,newsweek.com,,
birth control myths,"Missouri Abortion Amendment Passes, Threatening to Overturn Pro-Life Protections",https://www.ncregister.com/cna/missouri-abortion-amendment-passes-threatening-to-overturn-pro-life-protections,2024-11-06,ncregister.com,,
birth control myths,This conservative Texas town defeated an extreme abortion travel ban,https://www.motherjones.com/politics/2024/11/this-conservative-texas-town-defeated-an-extreme-abortion-travel-ban/,2024-11-06,motherjones.com,,
birth control myths,Donald Trump Just Won The 2024 Election,https://www.buzzfeed.com/alexalisitza/donald-trump-wins-2024-election,2024-11-06,buzzfeed.com,,
birth control myths,"Yes, Slate Is Mostly—but Not Entirely—Voting for Kamala Harris. We Also Predicted Who Will Win.",https://slate.com/news-and-politics/2024/11/election-2024-results-predictions-kamala-harris-donald-trump.html?via=rss,2024-11-05,slate.com,,
birth control myths,Why An Anti-Abortion Activist Changed Her Mind,https://www.buzzfeed.com/meganeliscomb/anti-abortion-activist-changed-her-mind,2024-11-05,buzzfeed.com,,
birth control myths,2a.) Ravenous Wolf KamaLa Harris,https://www.opednews.com/populum/page.php?f=2a--Ravenous-Wolf-Kamala-Partisanship-241103-950.html,2024-11-03,opednews.com,,
birth control myths,"In Ten States, Millions of Americans Are Directly Voting On Abortion Access",https://www.vanityfair.com/news/story/abortion-on-the-ballot-in-10-states-2024-election-day,2024-11-02,vanityfair.com,,
birth control myths,Reproductive Freedom Is on the Ballot In New York,https://www.thenation.com/article/politics/abortion-rights-proposition-1-new-york/,2024-11-01,thenation.com,,
birth control myths,Opponents use parental rights and anti-trans messages to fight abortion ballot measures,https://www.sandiegouniontribune.com/2024/10/31/abortion-rights-ballot-measures/,2024-10-31,sandiegouniontribune.com,,
birth control myths,What would the future of birth control be under Trump? Ask Texas.,https://www.motherjones.com/politics/2024/10/what-would-the-future-of-birth-control-be-under-trump-ask-texas/,2024-10-31,motherjones.com,,
birth control myths,Opponents use parental rights and anti-trans messages to fight abortion ballot measures,https://www.mercurynews.com/2024/10/31/abortion-rights-ballot-measures/,2024-10-31,mercurynews.com,,
birth control myths,Women online are warning each other about painful procedures,https://www.usatoday.com/story/life/health-wellness/2024/10/31/women-pain-health-support/75913932007/,2024-10-31,usatoday.com,,
birth control myths,Opponents use parental rights and anti-trans messages to fight abortion ballot measures,https://www.sun-sentinel.com/2024/10/31/abortion-rights-ballot-measures/,2024-10-31,sun-sentinel.com,,
birth control myths,Opponents use parental rights and anti-trans messages to fight abortion ballot measures,https://www.twincities.com/2024/10/31/abortion-rights-ballot-measures/,2024-10-31,twincities.com,,
birth control myths,Opponents use parental rights and anti-trans messages to fight abortion ballot measures,https://www.pilotonline.com/2024/10/31/abortion-rights-ballot-measures/,2024-10-31,pilotonline.com,,
birth control myths,Opponents use parental rights and anti-trans messages to fight abortion ballot measures,https://www.baltimoresun.com/2024/10/31/abortion-rights-ballot-measures/,2024-10-31,baltimoresun.com,,
birth control myths,Opponents use parental rights and anti-trans messages to fight abortion ballot measures,https://www.stltoday.com/news/local/government-politics/elections/opponents-use-parental-rights-and-anti-trans-messages-to-fight-abortion-ballot-measures/article_7322769e-9781-11ef-bc66-7b8b615be615.html,2024-10-31,stltoday.com,,
birth control myths,Opponents use parental rights and anti-trans messages to fight abortion ballot measures,https://abcnews.go.com/Politics/wireStory/opponents-parental-rights-anti-trans-messages-fight-abortion-115341984,2024-10-31,abcnews.go.com,,
birth control myths,Opponents use parental rights and anti-trans messages to fight abortion ballot measures,https://www.ajc.com/news/nation-world/opponents-use-parental-rights-and-anti-trans-messages-to-fight-abortion-ballot-measures/L22AEYYYTRESBDT3LLKH5SK2DA/,2024-10-31,ajc.com,,
birth control myths,Opponents use parental rights and anti-trans messages to fight abortion ballot measures,https://www.newsday.com/news/nation/abortion-ballot-election-2024-transgender-u34536,2024-10-31,newsday.com,,
birth control myths,She was 8 weeks pregnant and out of options. She called me for help,https://www.newsweek.com/she-was-eight-weeks-pregnant-out-options-called-me-help-i-1976703,2024-10-31,newsweek.com,,
birth control myths,Opponents use parental rights and anti-trans messages to fight abortion ballot measures,https://www.inquirer.com/wires/ap/opponents-use-parental-rights-anti-trans-messages-fight-abortion-ballot-measures-20241031.html,2024-10-31,inquirer.com,,
birth control myths,BuzzFeed Endorses Kamala Harris For President,https://www.buzzfeed.com/buzzfeedstaff/buzzfeed-endorses-kamala-harris-for-president,2024-10-30,buzzfeed.com,,
birth control myths,"Election 2024 live coverage: Harris and Trump visit N.C., Biden ""garbage"" comment on Trump rally sparks outrage",https://www.cbsnews.com/newyork/live-updates/election-2024-harris-trump-north-carolina/,2024-10-30,cbsnews.com,,
birth control myths,Project 2025 in the Original German,https://www.thenation.com/article/politics/project-2025-in-the-original-german/,2024-10-30,thenation.com,,
birth control myths,New Biden Administration Rule Would Make 'Over-the-Counter' Birth Control Free: Here's What That Means,https://www.cnet.com/health/medical/new-biden-administration-rule-would-make-over-the-counter-birth-control-free-heres-what-that-means/#ftag=CAD590a51e,2024-10-25,cnet.com,,
birth control myths,Trump is the only GOP candidate some young voters have ever known. It's shaped their worldview.,https://www.nbcnews.com/politics/2024-election/young-voters-reflect-three-election-cycles-trump-ballot-rcna172534,2024-10-23,nbcnews.com,,
birth control myths,New York’s Proposed Equal Rights Amendment Is the Most Inclusive Yet,https://www.thenation.com/article/politics/new-york-prop-1-equal-rights-amendment-abortion/,2024-10-22,thenation.com,,
birth control myths,Misconceptions can keep women from popular birth control methods,https://www.usatoday.com/story/news/health/2024/10/22/birth-control-misconceptions-block-access/74789961007/,2024-10-22,usatoday.com,,
birth control myths,Trump is calling for mass deportations if he’s elected,https://www.usatoday.com/story/news/nation/2024/10/22/what-would-trumps-mass-deportations-really-mean-the-excerpt/75789842007/,2024-10-22,usatoday.com,,
birth control myths,Birth control rule proposed,https://www.arkansasonline.com/news/2024/oct/22/birth-control-rule-proposed/,2024-10-22,arkansasonline.com,,
birth control myths,AP Top Headlines at 5:37 p.m. EDT,https://www.inquirer.com/wires/ap/ap-top-headlines-526-pm-edt-20241021.html,2024-10-21,inquirer.com,,
birth control myths,AP Top News at 5:37 p.m. EDT,https://www.inquirer.com/wires/ap/ap-top-news-526-pm-edt-20241021.html,2024-10-21,inquirer.com,,
birth control myths,AP Top Headlines at 4:14 p.m. EDT,https://www.inquirer.com/wires/ap/ap-top-headlines-414-pm-edt-20241021.html,2024-10-21,inquirer.com,,
birth control myths,Opponents Of Missouri Abortion Rights Amendment Turn to Anti-Trans Messaging And Misinformation,https://talkingpointsmemo.com/news/opponents-of-missouri-abortion-rights-amendment-turn-to-anti-trans-messaging-and-misinformation,2024-10-20,talkingpointsmemo.com,,
birth control myths,Opponents of MO abortion rights amendment turn to anti-trans messaging and misinformation,https://www.rawstory.com/opponents-of-missouri-abortion-rights-amendment-turn-to-anti-trans-messaging-and-misinform/,2024-10-19,rawstory.com,,
birth control myths,Opponents of Missouri Abortion Rights Amendment Turn to Anti-Trans Messaging and Misinformation,https://www.propublica.org/article/missouri-abortion-rights-amendment-anti-transgender-campaign-messaging,2024-10-18,propublica.org,,
birth control myths,Forests and the Fate of Civilizations: A Conversation with John Perlin,https://news.mongabay.com/2024/10/interview-with-john-perlin/,2024-10-16,mongabay.com,,
birth control myths,Is 'Cycle Syncing' Real? Why People Are Scheduling Their Lives to the Tune of Their Menstrual Cycle,https://www.cnet.com/health/medical/is-cycle-syncing-real-why-people-are-scheduling-their-lives-to-the-tune-of-their-menstrual-cycle/#ftag=CADf328eec,2024-10-13,cnet.com,,
birth control myths,Opinion: Indiana abortion ban isn't working. Sen. Mike Braun is wrong,https://www.indystar.com/story/opinion/columnists/2024/10/09/indiana-abortion-ban-mike-braun/75501999007/,2024-10-09,indystar.com,,
birth control myths,3 Essentials for Rebuilding a Pro-Life Culture,https://www.ncregister.com/commentaries/rebuilding-a-culture-of-life-3-essentials,2024-10-08,ncregister.com,,
contraceptive misinformation,"PCOS affects 1 in 8 women worldwide, yet it’s often misunderstood. A name change might help",https://theconversation.com/pcos-affects-1-in-8-women-worldwide-yet-its-often-misunderstood-a-name-change-might-help-256872,2025-05-28,theconversation.com,,
contraceptive misinformation,Some birth control users go years without a period — is it safe?,https://www.cnn.com/2025/05/21/health/birth-control-continuous-use-pill-wellness,2025-05-21,cnn.com,,
contraceptive misinformation,Sex and disability: Nigerian women share their stories,https://theconversation.com/sex-and-disability-nigerian-women-share-their-stories-254405,2025-05-19,theconversation.com,,
contraceptive misinformation,2025's political climate is wreaking havoc on online dating,https://mashable.com/article/2025-political-climate-is-impacting-online-dating,2025-05-14,mashable.com,,
contraceptive misinformation,Peruvian Bishop Denounces ‘Direct Attack’ On Church’s Freedom of Speech,https://www.ncregister.com/cna/peruvian-bishop-denounces-direct-attack-on-church-s-freedom-of-speech,2025-03-14,ncregister.com,,
contraceptive misinformation,The pill hasn’t been improved in years. No wonder women are giving up on it,https://www.theguardian.com/society/commentisfree/2025/feb/22/the-pill-hasnt-been-improved-in-years-no-wonder-women-are-giving-up-on-it,2025-02-22,theguardian.com,,
contraceptive misinformation,‘A fight for our lives’: Trump’s USAid freeze is harming millions of women and girls,https://www.theguardian.com/us-news/2025/feb/13/usaid-funding-freeze-health,2025-02-13,theguardian.com,,
contraceptive misinformation,Doctors Share How Trump Admin Is Changing Their Work,https://www.buzzfeed.com/sienaegiljum/healthcare-workers-share-changes-trump,2025-02-12,buzzfeed.com,,
contraceptive misinformation,Bookmark these abortion resources now,https://mashable.com/article/abortion-reproductive-justice-resources-censorship,2025-02-08,mashable.com,,
contraceptive misinformation,Deaths predicted amid the chaos of Elon Musk’s shutdown of USAid,https://www.theguardian.com/global-development/2025/feb/04/deaths-predicted-amid-the-chaos-of-elon-musks-shutdown-of-usaid,2025-02-04,theguardian.com,,
contraceptive misinformation,Trump Administration Makes Unsupported Claim About $50 Million for Condoms to Gaza,https://www.factcheck.org/2025/01/trump-administration-makes-unsupported-claim-about-50-million-for-condoms-to-gaza/,2025-01-30,factcheck.org,,
contraceptive misinformation,Men's Opinions On Male Birth Control,https://www.buzzfeed.com/brittanywong/men-get-real-about-whether-theyd-use-male-birth-control-sc,2025-01-31,buzzfeed.com,,
contraceptive misinformation,Mike Pence Puts the Final Nail in His Coffin of Irrelevance With His Opposition to Robert F. Kennedy Jr.,https://redstate.com/jenniferoo/2025/01/27/mike-pence-puts-the-final-nail-in-his-coffin-of-irrelevance-with-his-opposition-of-robert-f-kennedy-jr-n2184871,2025-01-27,redstate.com,,
contraceptive misinformation,‘Young women can fall pregnant very easily’: inside the wild west of smartphone fertility apps,https://www.theguardian.com/technology/2025/jan/19/young-women-can-fall-pregnant-very-easily-inside-the-wild-west-of-smartphone-fertility-apps,2025-01-19,theguardian.com,,
contraceptive misinformation,Trump’s next attacks on abortion rights will be more insidious than a ban,https://www.motherjones.com/politics/2025/01/trumps-next-attacks-on-abortion-rights-will-be-more-insidious-than-a-ban/,2025-01-17,motherjones.com,,
contraceptive misinformation,The decline of the contraceptive pill,https://theweek.com/health/the-decline-of-the-contraceptive-pill,2025-01-15,theweek.com,,
contraceptive misinformation,Something big is happening in the world of contraception. It’s going backwards,https://www.theguardian.com/commentisfree/2025/jan/15/contraception-apps-women-birth-control,2025-01-15,theguardian.com,,
contraceptive misinformation,How abortion bans impact contraception care,https://www.salon.com/2024/12/11/abortion-bans-are-profoundly-impacting-affecting-contraceptive-care-study-finds/,2024-12-11,salon.com,,
contraceptive misinformation,Trump has flip-flopped on abortion policy. His appointees may offer clues to what happens next,https://www.newsday.com/news/nation/abortion-trump-cabinet-medication-comstock-act-o95849,2024-12-09,newsday.com,,
contraceptive misinformation,Trump has flip-flopped on abortion policy. His appointees may offer clues to what happens next,https://www.sandiegouniontribune.com/2024/12/09/trump-abortion-policy-appointee-clues/,2024-12-09,sandiegouniontribune.com,,
contraceptive misinformation,Trump has flip-flopped on abortion policy. His appointees may offer clues to what happens next,https://www.mercurynews.com/2024/12/09/trump-abortion-policy-appointee-clues/,2024-12-09,mercurynews.com,,
contraceptive misinformation,Trump has flip-flopped on abortion policy. His appointees may offer clues to what happens next,https://www.baltimoresun.com/2024/12/09/trump-abortion-policy-appointee-clues/,2024-12-09,baltimoresun.com,,
contraceptive misinformation,Trump has flip-flopped on abortion policy. His appointees may offer clues to what happens next,https://www.twincities.com/2024/12/09/trump-abortion-policy-appointee-clues/,2024-12-09,twincities.com,,
contraceptive misinformation,Trump has flip-flopped on abortion policy. His appointees may offer clues to what happens next,https://www.inquirer.com/wires/ap/trump-has-flip-flopped-abortion-policy-his-appointees-may-offer-clues-what-happens-next-20241209.html,2024-12-09,inquirer.com,,
contraceptive misinformation,Trump has flip-flopped on abortion policy. His appointees may offer clues to what happens next,https://www.courant.com/2024/12/09/trump-abortion-policy-appointee-clues/,2024-12-09,courant.com,,
contraceptive misinformation,Trump has flip-flopped on abortion policy. His appointees may offer clues to what happens next,https://www.orlandosentinel.com/2024/12/09/trump-abortion-policy-appointee-clues/,2024-12-09,orlandosentinel.com,,
contraceptive misinformation,Trump has flip-flopped on abortion policy. His appointees may offer clues to what happens next,https://www.pilotonline.com/2024/12/09/trump-abortion-policy-appointee-clues/,2024-12-09,pilotonline.com,,
contraceptive misinformation,Trump has flip-flopped on abortion policy. His appointees may offer clues to what happens next,https://abcnews.go.com/US/wireStory/sides-abortion-debate-seek-clues-trumps-nominees-key-116614125,2024-12-09,abcnews.go.com,,
contraceptive misinformation,Trump has flip-flopped on abortion policy. His appointees may offer clues to what happens next,https://abcnews.go.com/Politics/wireStory/sides-abortion-debate-seek-clues-trumps-nominees-key-116614127,2024-12-09,abcnews.go.com,,
contraceptive misinformation,Trump has flip-flopped on abortion policy. His appointees may offer clues to what happens next,https://www.ajc.com/news/nation-world/trump-has-flip-flopped-on-abortion-policy-his-appointees-may-offer-clues-to-what-happens-next/KF73SCCRCNAP7ISJBIRNKJZ7FU/,2024-12-09,ajc.com,,
contraceptive misinformation,"False claims about hidden Plan B ""pill"" in pregnancy tests resurface online. Here's what to know.",https://www.cbsnews.com/pittsburgh/news/plan-b-false-claims-about-hidden-pill-in-pregnancy-tests-online-what-to-know/,2024-12-05,cbsnews.com,,
contraceptive misinformation,"False claims about hidden Plan B ""pill"" in pregnancy tests resurface online. Here's what to know.",https://www.cbsnews.com/texas/news/plan-b-false-claims-about-hidden-pill-in-pregnancy-tests-online-what-to-know/,2024-12-05,cbsnews.com,,
contraceptive misinformation,"False claims about hidden Plan B ""pill"" in pregnancy tests resurface online. Here's what to know.",https://www.cbsnews.com/news/plan-b-false-claims-about-hidden-pill-in-pregnancy-tests-online-what-to-know/,2024-12-05,cbsnews.com,,
contraceptive misinformation,TikTok promotes birth control misinformation,https://www.salon.com/2024/11/25/tiktok-is-being-flooded-with-birth-control-misinformation-is-it-stopping-women-from-taking-it/,2024-11-25,salon.com,,
contraceptive misinformation,WNBA Star Napheesa Collier Partners With Opill To Advocate For Reproductive Health,https://www.forbes.com/sites/carolinefitzgerald/2024/11/21/wnba-star-napheesa-collier-signs-partnership-with-opill-to-advocate-for-reproductive-health/,2024-11-21,forbes.com,,
contraceptive misinformation,TikTok and WHO are getting together to help combat widespread health misinformation on social media,https://theconversation.com/tiktok-and-who-are-getting-together-to-help-combat-widespread-health-misinformation-on-social-media-236965,2024-11-13,theconversation.com,,
contraceptive misinformation,Google searches for contraception surge after Trump win,https://www.newsweek.com/contraception-google-searches-surge-donald-trump-election-win-1982008,2024-11-07,newsweek.com,,
contraceptive misinformation,What would the future of birth control be under Trump? Ask Texas.,https://www.motherjones.com/politics/2024/10/what-would-the-future-of-birth-control-be-under-trump-ask-texas/,2024-10-31,motherjones.com,,
contraceptive misinformation,She was 8 weeks pregnant and out of options. She called me for help,https://www.newsweek.com/she-was-eight-weeks-pregnant-out-options-called-me-help-i-1976703,2024-10-31,newsweek.com,,
contraceptive misinformation,New Biden Administration Rule Would Make 'Over-the-Counter' Birth Control Free: Here's What That Means,https://www.cnet.com/health/medical/new-biden-administration-rule-would-make-over-the-counter-birth-control-free-heres-what-that-means/#ftag=CAD590a51e,2024-10-25,cnet.com,,
contraceptive misinformation,Misconceptions can keep women from popular birth control methods,https://www.usatoday.com/story/news/health/2024/10/22/birth-control-misconceptions-block-access/74789961007/,2024-10-22,usatoday.com,,
contraceptive misinformation,"More women are seeking sterilizations post-Dobbs, experts say",https://www.mercurynews.com/2024/10/03/more-women-seeking-sterilizations/,2024-10-03,mercurynews.com,,
contraceptive misinformation,"More women are seeking sterilizations post-Dobbs, experts say",https://www.ocregister.com/2024/10/03/more-women-seeking-sterilizations/,2024-10-03,ocregister.com,,
contraceptive misinformation,"More women are seeking sterilizations post-Dobbs, experts say",https://www.courant.com/2024/10/03/more-women-are-seeking-sterilizations-post-dobbs-experts-say/,2024-10-03,courant.com,,
contraceptive misinformation,More women are seeking sterilizations post-Dobbs: experts,https://www.rawstory.com/sterilization/,2024-10-02,rawstory.com,,
contraceptive misinformation,SOGC Advocates for Universal Access to Contraceptives on World Contraception Day,https://www.benzinga.com/pressreleases/24/09/g41042757/sogc-advocates-for-universal-access-to-contraceptives-on-world-contraception-day,2024-09-26,benzinga.com,,
contraceptive misinformation,Life at a Women's Clinic in Post-Roe America: A Worker’s View,https://www.buzzfeed.com/denamoes/young-womens-sexual-health-roe-wade,2024-09-14,buzzfeed.com,,
contraceptive misinformation,Health establishment claims abortion-pill reversal unscientific — fine print suggests otherwise,https://www.theblaze.com/news/the-biden-harris-cdc-claims-abortion-pill-reversal-is-unscientific-their-fine-print-suggests-otherwise,2024-09-05,theblaze.com,,
contraceptive misinformation,Third Night of the Democratic Convention,https://www.factcheck.org/2024/08/third-night-of-the-democratic-convention/,2024-08-22,factcheck.org,,
contraceptive misinformation,Americans’ Struggle with Mental Health,https://www.nytimes.com/2024/08/08/briefing/mental-health-anxiety-depression.html,2024-08-08,nytimes.com,,
contraceptive misinformation,"Custom-mixed hormone therapies misleading menopausal women to think personalised products are necessary, experts say",https://www.theguardian.com/australia-news/article/2024/jul/20/custom-mixed-hormone-therapies-mht-products-misleading-women,2024-07-20,theguardian.com,,
contraceptive misinformation,"Away from the stage, Trump allies plot Project 2025 agenda at RNC",https://www.salon.com/2024/07/17/this-is-the-secret-away-from-the-stage-allies-plot-project-2025-agenda-at-his-convention/,2024-07-17,salon.com,,
contraceptive misinformation,Twenty-eight states targeted comprehensive sex ed this year -- what does that mean?,https://www.syracuse.com/reckon/2024/07/twenty-eight-states-targeted-comprehensive-sex-ed-this-year-what-does-that-mean.html,2024-07-03,syracuse.com,,
contraceptive misinformation,Twenty-eight states targeted comprehensive sex ed this year -- what does that mean?,https://www.cleveland.com/reckon/2024/07/twenty-eight-states-targeted-comprehensive-sex-ed-this-year-what-does-that-mean.html,2024-07-03,cleveland.com,,
contraceptive misinformation,Twenty-eight states targeted comprehensive sex ed this year -- what does that mean?,https://www.oregonlive.com/reckon/2024/07/twenty-eight-states-targeted-comprehensive-sex-ed-this-year-what-does-that-mean.html,2024-07-03,oregonlive.com,,
contraceptive misinformation,Twenty-eight states targeted comprehensive sex ed this year -- what does that mean?,https://www.mlive.com/reckon/2024/07/twenty-eight-states-targeted-comprehensive-sex-ed-this-year-what-does-that-mean.html,2024-07-03,mlive.com,,
contraceptive misinformation,"Following State Abortion Bans, Birth Control Use Is Plummeting",https://gizmodo.com/state-abortion-laws-birth-control-plan-b-use-declines-1851559997,2024-06-26,gizmodo.com,,
contraceptive misinformation,Fact Check: Did Trump say he would look at restricting contraception?,https://www.newsweek.com/fact-check-did-trump-say-he-would-look-restricting-contraception-1917226,2024-06-25,newsweek.com,,
contraceptive misinformation,Misinformation around Birth Control Online Is a Form of Contraception Coercion,https://www.scientificamerican.com/article/misinformation-around-birth-control-online-is-a-form-of-contraception/,2024-06-21,scientificamerican.com,,
contraceptive misinformation,Stop Shouting Down the Women Going Off the Pill,https://www.theatlantic.com/family/archive/2024/05/over-counter-hormonal-birth-control-concern/678468/?utm_source=feed,2024-05-24,theatlantic.com,,
contraceptive misinformation,Abortion advocates fear access to birth control could be curtailed,https://www.washingtonpost.com/nation/2022/06/24/birth-control-access-supreme-court-abortion-ruling/?utm_source=rss&utm_medium=referral&utm_campaign=wp_national,2022-06-24,washingtonpost.com,,
contraceptive misinformation,How being denied an abortion can affect a woman’s mental health.,https://www.nytimes.com/live/2022/06/27/us/abortion-roe-wade-supreme-court/how-being-denied-an-abortion-can-affect-a-womans-mental-health,2022-06-27,nytimes.com,,
contraceptive misinformation,"Planned Parenthood withdraws a federal challenge to South Carolina’s abortion law, but vows to fight by other means.",https://www.nytimes.com/live/2022/06/27/us/abortion-roe-wade-supreme-court/planned-parent-withdraws-a-federal-challenge-to-south-carolinas-abortion-law-but-vows-to-fight-by-other-means,2022-06-27,nytimes.com,,
contraceptive misinformation,25 People Who Fought Doctors To Get Reproductive Care,https://www.buzzfeed.com/alicelahoda/people-fought-doctors-for-reproductive-care-stories,2022-06-29,buzzfeed.com,,
contraceptive misinformation,National Abortion Funds You Can Donate To Right Now (With Their Charity Navigator Scores),https://uproxx.com/culture/where-to-donate-abortion-funds/,2022-06-29,uproxx.com,,
contraceptive misinformation,Debunking myths about vasectomies as their popularity increases post-Roe,https://www.washingtonpost.com/health/2022/07/01/abortion-vasectomies-misinformation-roe-birth-control/?utm_source=rss&utm_medium=referral&utm_campaign=wp_national,2022-07-01,washingtonpost.com,,
contraceptive misinformation,Why Stix Wants To Provide Free Emergency Contraception To Anyone,https://www.forbes.com/sites/meimeifox/2022/07/05/why-stix-wants-to-provide-free-emergency-contraception-to-anyone/,2022-07-05,forbes.com,,
contraceptive misinformation,"Central Florida 100: Abortion, guns and the Lake Eola scare",https://www.orlandosentinel.com/opinion/central-florida-100/os-op-central-florida-100-lake-eola-scare-20220708-izeud3e2s5dfbhbqkxzyldhfxq-story.html#ed=rss_www.orlandosentinel.com/arcio/rss/category/opinion/,2022-07-08,orlandosentinel.com,,
contraceptive misinformation,Toxic and Ineffective: Experts Warn Against ‘Herbal Abortion’ Remedies on TikTok,https://www.nytimes.com/2022/07/11/well/herbal-abortion-tiktok-mugwort-pennyroyal.html,2022-07-11,nytimes.com,,
contraceptive misinformation,Biden’s ‘Performative’ Executive Order on Abortion Access,https://www.ncregister.com/news/biden-s-performative-executive-order-on-abortion-access,2022-07-18,ncregister.com,,
contraceptive misinformation,Alarm Bells As US Abortion Ruling Fuels Rush On Morning-after Pill,https://www.ibtimes.com/alarm-bells-us-abortion-ruling-fuels-rush-morning-after-pill-3581133?utm_source=Public&utm_medium=Feed&utm_campaign=Distribution,2022-07-20,ibtimes.com,,
contraceptive misinformation,Alarm bells as US abortion ruling fuels rush on morning-after pill,https://www.rawstory.com/alarm-bells-as-us-abortion-ruling-fuels-rush-on-morning-after-pill-2657705964/,2022-07-21,rawstory.com,,
contraceptive misinformation,Inside the powerful anti-abortion campaign to convince you that everything is just fine,https://www.motherjones.com/politics/2022/07/inside-the-powerful-anti-abortion-campaign-to-convince-you-that-everything-is-just-fine/,2022-07-21,motherjones.com,,
contraceptive misinformation,Watch: Dem spars with 'extremist' GOPer who says contraceptive rights cause abortions,https://www.rawstory.com/cathy-mcmorris-rodgers-angie-craig/,2022-07-21,rawstory.com,,
contraceptive misinformation,"Outrage in Qatar after 29 dogs, puppies shot dead",https://www.rawstory.com/outrage-in-qatar-after-29-dogs-puppies-shot/,2022-07-21,rawstory.com,,
contraceptive misinformation,"DOJ's election threats task force gets grilled after securing just one conviction despite more than 1,000 referrals",https://www.rawstory.com/doj-election-threats-task-force-convictions/,2022-07-21,rawstory.com,,
contraceptive misinformation,Texas GOP's pro-gun law backfires — and ends up footing taxpayers with $500 million bill: study,https://www.rawstory.com/texas-gun-laws-2657707534/,2022-07-21,rawstory.com,,
contraceptive misinformation,Italian becomes first European woman on spacewalk outside ISS,https://www.rawstory.com/italian-becomes-first-european-woman-on-spacewalk-outside-iss/,2022-07-21,rawstory.com,,
contraceptive misinformation,House passes legislation to enshrine a right to contraception in federal law,https://www.nbcnews.com/politics/congress/house-passes-legislation-enshrine-right-contraception-federal-law-rcna39167,2022-07-21,nbcnews.com,,
contraceptive misinformation,House OKs bill to protect contraception from Supreme Court,https://www.ocregister.com/2022/07/21/house-oks-bill-to-protect-contraception-from-supreme-court/,2022-07-21,ocregister.com,,
contraceptive misinformation,House OKs bill to protect contraception from Supreme Court,https://www.mercurynews.com/2022/07/21/house-oks-bill-to-protect-contraception-from-supreme-court/,2022-07-21,mercurynews.com,,
contraceptive misinformation,House approves bill to protect contraception from Supreme Court action,https://www.centralmaine.com/2022/07/21/house-approves-bill-to-protect-contraception-from-supreme-court-action/,2022-07-21,centralmaine.com,,
contraceptive misinformation,House OKs bill to protect contraception from Supreme Court,https://www.staradvertiser.com/2022/07/21/breaking-news/house-oks-bill-to-protect-contraception-from-supreme-court/,2022-07-21,staradvertiser.com,,
contraceptive misinformation,Ex-cop gets 2.5 years in jail over George Floyd murder,https://www.rawstory.com/ex-cop-gets-2-5-years-in-jail-over-george-floyd/,2022-07-21,rawstory.com,,
contraceptive misinformation,"House passes bill guaranteeing contraception access, with eight GOP votes",https://www.rawstory.com/house-passes-bill-guaranteeing-contraception-access-with-eight-gop-votes/,2022-07-21,rawstory.com,,
contraceptive misinformation,Manhattan DA backed off indicting Trump because he was 'focused on the risk that we could lose': ex-prosecutor,https://www.rawstory.com/manhattan-da-backed-off-indicting-trump-because-he-was-worried-they-didn-t-have-enough-evidence-ex-prosecutor/,2022-07-21,rawstory.com,,
contraceptive misinformation,House OKs right to contraception; Arkansas’ delegation opposed,https://www.arkansasonline.com/news/2022/jul/21/house-oks-right-to-contraception-arkansas-delegation-opposed/,2022-07-21,arkansasonline.com,,
contraceptive misinformation,Nearly all House Republicans voted against a bill to protect birth control access,https://www.mic.com/impact/house-bill-protect-birth-control,2022-07-21,mic.com,,
contraceptive misinformation,House OKs bill to protect contraception from Supreme Court,https://www.cleveland.com/news/2022/07/house-oks-bill-to-protect-contraception-from-supreme-court.html,2022-07-21,cleveland.com,,
contraceptive misinformation,‘Holistic Healers’ on TikTok Want You to Quit Birth Control,https://www.vice.com/en/article/xgyd5a/natural-birth-control-tiktok,2022-07-22,vice.com,,
contraceptive misinformation,6 facts you might not have learned in sex ed,https://www.cnn.com/2022/07/26/health/sex-education-misconceptions-myths-wellness/index.html,2022-07-26,cnn.com,,
contraceptive misinformation,"Video Revives Old, Debunked Rumors About Tetanus Vaccines",https://www.factcheck.org/2022/07/video-revives-old-debunked-rumors-about-tetanus-vaccines/,2022-07-26,factcheck.org,,
contraceptive misinformation,US jury to decide if Twitter worker spied for Saudi royals,https://www.rawstory.com/us-jury-to-decide-if-twitter-worker-spied-for-saudi-royals-2657812455/,2022-08-05,rawstory.com,,
contraceptive misinformation,A GOP talking point suggests birth control is not at risk — but evidence suggests otherwise,https://www.rawstory.com/a-gop-talking-point-suggests-birth-control-is-not-at-risk-evidence-suggests-otherwise-2657812440/,2022-08-05,rawstory.com,,
contraceptive misinformation,Revealed: Trump election PAC funneled $60K to Melania's fashion stylist for 'strategy',https://www.rawstory.com/melania-trump-2657812241/,2022-08-05,rawstory.com,,
contraceptive misinformation,Death penalty jury visits Florida school shooting scene,https://www.rawstory.com/penalty-jury-visits-florida-school-shooting-scene/,2022-08-05,rawstory.com,,
contraceptive misinformation,Hungary PM Orban tells US conservatives global right must unite,https://www.rawstory.com/hungary-pm-orban-tells-us-conservatives-global-right-must-unite-2657812474/,2022-08-05,rawstory.com,,
contraceptive misinformation,A GOP talking point suggests birth control is not at risk — but evidence suggests otherwise,https://www.alternet.org/2022/08/a-gop-talking-point-suggests-birth-control-is-not-at-risk-but-evidence-suggests-otherwise/,2022-08-07,alternet.org,,
contraceptive misinformation,Birth Control TikTok Is a Symptom of Medicine's Bigger Problem,https://www.wired.com/story/hormonal-birth-control-tiktok/,2022-08-15,wired.com,,
contraceptive misinformation,TikTok loves 'natural' birth control. But is it right for you?,https://mashable.com/article/tiktok-fertility-awareness-method,2022-08-16,mashable.com,,
reproductive health funding,WA agencies see largest wave of layoffs since Great Recession,https://www.seattletimes.com/seattle-news/politics/wa-agencies-seeing-largest-wave-of-layoffs-since-great-recession/?utm_source=RSS&utm_medium=Referral&utm_campaign=RSS_all,2025-06-12,seattletimes.com,,
reproductive health funding,Planned Parenthood warns last 2 Alaska clinics could close under Republican-backed bill,https://www.seattletimes.com/nation-world/nation/planned-parenthood-warns-last-2-alaska-clinics-could-close-under-republican-backed-bill/?utm_source=RSS&utm_medium=Referral&utm_campaign=RSS_all,2025-06-11,seattletimes.com,,
reproductive health funding,What's targeted in Trump's request for $9.4 billion in budget cuts from Congress,https://www.latimes.com/world-nation/story/2025-06-11/whats-targeted-in-trumps-request-for-9-4-billion-in-budget-cuts-from-congress,2025-06-11,latimes.com,,
reproductive health funding,What’s targeted in Trump’s request for $9.4 billion in budget cuts from Congress,https://www.bostonglobe.com/2025/06/11/nation/trump-budget-cuts-congress/,2025-06-11,bostonglobe.com,,
reproductive health funding,What’s targeted in Trump’s request for $9.4 billion in budget cuts from Congress,https://www.twincities.com/2025/06/11/trump-budget-cuts/,2025-06-11,twincities.com,,
reproductive health funding,What's targeted in Trump's request for $9.4 billion in budget cuts from Congress,https://www.newsday.com/news/nation/trump-budget-cuts-foreign-aid-congress-j86649,2025-06-11,newsday.com,,
reproductive health funding,What's targeted in Trump's request for $9.4 billion in budget cuts from Congress,https://www.ajc.com/news/2025/06/whats-targeted-in-trumps-request-for-94-billion-in-budget-cuts-from-congress/,2025-06-11,ajc.com,,
reproductive health funding,What’s targeted in Trump’s request for $9.4 billion in budget cuts from Congress,https://www.ocregister.com/2025/06/11/trump-budget-cuts/,2025-06-11,ocregister.com,,
reproductive health funding,What’s targeted in Trump’s request for $9.4 billion in budget cuts from Congress,https://www.baltimoresun.com/2025/06/11/trump-budget-cuts/,2025-06-11,baltimoresun.com,,
reproductive health funding,What’s targeted in Trump’s request for $9.4 billion in budget cuts from Congress,https://www.pilotonline.com/2025/06/11/trump-budget-cuts/,2025-06-11,pilotonline.com,,
reproductive health funding,What’s targeted in Trump’s request for $9.4 billion in budget cuts from Congress,https://www.sun-sentinel.com/2025/06/11/trump-budget-cuts/,2025-06-11,sun-sentinel.com,,
reproductive health funding,What’s targeted in Trump’s request for $9.4 billion in budget cuts from Congress,https://www.sandiegouniontribune.com/2025/06/11/trump-budget-cuts/,2025-06-11,sandiegouniontribune.com,,
reproductive health funding,What’s targeted in Trump’s request for $9.4 billion in budget cuts from Congress,https://www.seattletimes.com/business/whats-targeted-in-trumps-request-for-9-4-billion-in-budget-cuts-from-congress/?utm_source=RSS&utm_medium=Referral&utm_campaign=RSS_all,2025-06-11,seattletimes.com,,
reproductive health funding,What's targeted in Trump's request for $9.4 billion in budget cuts from Congress,https://abcnews.go.com/US/wireStory/targeted-trumps-request-94-billion-budget-cuts-congress-122724057,2025-06-11,abcnews.go.com,,
reproductive health funding,What’s targeted in President Donald Trump’s request for $9.4 billion in budget cuts from Congress?,https://www.chicagotribune.com/2025/06/11/trump-request-budget-cuts-congress/,2025-06-11,chicagotribune.com,,
reproductive health funding,What's targeted in Trump's request for $9.4 billion in budget cuts from Congress,https://www.inquirer.com/wires/ap/whats-targeted-trumps-request-94-billion-budget-cuts-congress-20250611.html,2025-06-11,inquirer.com,,
reproductive health funding,Panel advances defense budget despite missing details from White House,https://www.armytimes.com/news/pentagon-congress/2025/06/10/panel-advances-defense-budget-despite-missing-details-from-white-house/,2025-06-10,armytimes.com,,
reproductive health funding,Panel advances defense budget despite missing details from White House,https://www.airforcetimes.com/news/pentagon-congress/2025/06/10/panel-advances-defense-budget-despite-missing-details-from-white-house/,2025-06-10,airforcetimes.com,,
reproductive health funding,Panel advances defense budget despite missing details from White House,https://www.navytimes.com/news/pentagon-congress/2025/06/10/panel-advances-defense-budget-despite-missing-details-from-white-house/,2025-06-10,navytimes.com,,
reproductive health funding,"Abortion clinic opens in Milwaukee, becoming Wisconsin's fifth",https://www.jsonline.com/story/news/health/2025/06/10/abortion-clinic-opens-in-milwaukee-becoming-wisconsins-fifth/84048282007/,2025-06-10,jsonline.com,,
reproductive health funding,Emergency abortion still a legal right despite Trump move,https://www.freep.com/story/opinion/contributors/2025/06/10/trump-abortion-emergency-health-care-emtala-hospitals/84120466007/,2025-06-10,freep.com,,
reproductive health funding,A quarter of the world’s population are adolescents: major report sets out health and wellbeing trends,https://theconversation.com/a-quarter-of-the-worlds-population-are-adolescents-major-report-sets-out-health-and-wellbeing-trends-257282,2025-06-09,theconversation.com,,
reproductive health funding,Declining Birthrates Are Breaking The Economy. Can We Fix It In Time?,https://www.forbes.com/sites/alexanderpuutio/2025/06/09/declining-birthrates-are-breaking-the-economy-can-we-fix-it-in-time/,2025-06-09,forbes.com,,
reproductive health funding,Supreme Court allows DOGE staffers to access Social Security data,https://www.upi.com/Top_News/US/2025/06/07/Supreme-Court-allows-DOGE-Social-Security-data/4741749313013/,2025-06-07,upi.com,,
reproductive health funding,Supreme Court restores DOGE’s access to sensitive Social Security data and says it doesn’t have to turn over documents,https://www.cnn.com/2025/06/06/politics/supreme-court-restores-doges-access-to-sensitive-social-security-data,2025-06-06,cnn.com,,
reproductive health funding,How Veteran's benefits are impacted by Trump's tax bill: What to know,https://www.newsweek.com/how-veterans-benefits-impacted-trump-tax-bill-2081898,2025-06-07,newsweek.com,,
reproductive health funding,Help dad prioritize recovery this Father's Day with these wellness gadgets,https://www.foxnews.com/deals/fathers-day-high-tech-health-fitness-gadgets,2025-06-02,foxnews.com,,
reproductive health funding,Afghanistan's foremost OB-GYN says the country is experiencing a maternal health crisis,https://www.cbsnews.com/news/afghanistan-ob-gyn-says-country-experiencing-maternal-health-crisis/,2025-06-06,cbsnews.com,,
reproductive health funding,"Texas Hospital Discharged Woman with Untreated Ectopic Pregnancy. Then She Started Bleeding Out: ‘Oh My God, I’m Dying’",https://people.com/texas-hospital-discharged-woman-with-untreated-ectopic-pregnancy-11749696,2025-06-06,people.com,,
reproductive health funding,Why Women’s Health Research Still Lags Behind,https://www.forbes.com/sites/geristengel/2025/06/06/why-womens-health-research-still-lags-behind/,2025-06-06,forbes.com,,
reproductive health funding,"Planned Parenthood provides basic health care. If they close, where will many women go?",https://www.nbcnews.com/health/womens-health/planned-parenthood-provides-basic-health-care-clinics-close-will-many-rcna210757,2025-06-06,nbcnews.com,,
reproductive health funding,Massachusetts joins three other Democrat-led states asking FDA to remove abortion pill restrictions,https://www.bostonglobe.com/2025/06/05/nation/massachusetts-joins-three-other-democrat-led-states-asking-fda-remove-abortion-pill-restrictions/,2025-06-05,bostonglobe.com,,
reproductive health funding,Funding women’s health innovations is a massive economic opportunity.,https://www.forbes.com/sites/geristengel/2025/06/05/new-report-calls-for-investment-shift-in-womens-health/,2025-06-05,forbes.com,,
reproductive health funding,Are Pesticides in Your Food Harmful?,https://time.com/7291075/are-pesticides-dangerous-maha-glyphosate-atrazine/,2025-06-05,time.com,,
reproductive health funding,Four Democratic-led US states urge FDA to remove abortion pill restrictions,https://www.reuters.com/business/healthcare-pharmaceuticals/four-democratic-led-us-states-urge-fda-remove-abortion-pill-restrictions-2025-06-05/,2025-06-05,reuters.com,,
reproductive health funding,Four states petition the FDA to lift abortion pill restrictions,https://www.nbcnews.com/health/health-news/four-states-petition-fda-lift-abortion-pill-restrictions-rcna210045,2025-06-05,nbcnews.com,,
reproductive health funding,"New York, other states urge FDA to expand access to abortion pill",https://www.reuters.com/business/healthcare-pharmaceuticals/new-york-other-states-urge-fda-expand-access-abortion-pill-2025-06-05/,2025-06-05,reuters.com,,
reproductive health funding,GOP Leadership Not Worried About Forcing Members To Go On Record On Worst Of DOGE,https://talkingpointsmemo.com/where-things-stand/gop-leadership-not-worried-about-forcing-members-to-go-on-record-on-worst-of-doge,2025-06-04,talkingpointsmemo.com,,
reproductive health funding,"For Haitian migrants in the Dominican Republic, ‘reproduction is like a death sentence’",https://theconversation.com/for-haitian-migrants-in-the-dominican-republic-reproduction-is-like-a-death-sentence-257427,2025-06-04,theconversation.com,,
reproductive health funding,Trump Puts Lives at Risk by Revoking Emergency Abortion Guidelines for Hospitals,https://theintercept.com/2025/06/03/trump-emtala-abortion-emergency/,2025-06-03,theintercept.com,,
reproductive health funding,"Petty, abusive — and popular: Why New York Democrats are afraid to speak out against Andrew Cuomo",https://www.salon.com/2025/06/04/petty-abusive--and-popular-why-new-york-democrats-are-afraid-to-speak-out-against-andrew-cuomo/,2025-06-04,salon.com,,
reproductive health funding,Research cuts conflict with MAHA's stated goals,https://www.npr.org/2025/06/03/nx-s1-5414544/research-cuts-conflict-with-mahas-stated-goals,2025-06-03,npr.org,,
reproductive health funding,Omaha lawmaker John Cavanaugh launches campaign for Nebraska's 2nd Congressional District,https://omaha.com/news/state-regional/government-politics/elections/article_4ad2549f-3cdf-4753-a3a2-b3f7006456ae.html,2025-06-04,omaha.com,,
reproductive health funding,What Trump Revoking Emergency Abortion Guidance Means for Care,https://time.com/7291156/trump-emergency-abortion-guidance/,2025-06-04,time.com,,
reproductive health funding,Women’s health care has a racism problem. Trump’s war on DEI is making it worse.,https://www.motherjones.com/politics/2025/06/womens-health-care-has-a-racism-problem-trumps-war-on-dei-is-making-it-worse/,2025-06-04,motherjones.com,,
reproductive health funding,Trump budget eliminates funding for crucial global vaccination programs,https://www.bostonglobe.com/2025/06/04/nation/trump-budget-global-vaccination-programs-funding/,2025-06-04,bostonglobe.com,,
reproductive health funding,Trump asks Congress to claw back $9.4 billion in DOGE savings,https://www.usatoday.com/story/news/politics/2025/06/03/trump-congress-doge-npr-pbs-cpb/84007940007/,2025-06-03,usatoday.com,,
reproductive health funding,"Trump Live Updates: Latest News on Budget, Tariffs and More",https://www.nytimes.com/live/2025/06/04/us/trump-news,2025-06-04,nytimes.com,,
reproductive health funding,"Abortion, reproductive health, Trump, Musk, Trump, Boulder attack, antisemitism, New Orleans: Daily Briefing",https://www.usatoday.com/story/news/2025/06/04/abortion-reproduction-elon-musk-trump-palestine-jewish-harvard-wildfire-new-orleans-inmate/84024360007/,2025-06-04,usatoday.com,,
reproductive health funding,Trump Budget Eliminates Funding for Crucial Global Vaccination Programs,https://www.nytimes.com/2025/06/04/health/trump-budget-global-health-polio.html,2025-06-04,nytimes.com,,
reproductive health funding,"What to know about Chris Taylor, Wisconsin Supreme Court candidate",https://www.jsonline.com/story/news/politics/2025/06/04/what-to-know-about-chris-taylor-wisconsin-supreme-court-candidate/83898387007/,2025-06-04,jsonline.com,,
reproductive health funding,Trump administration rolls back guidance specifying that ERs must offer abortion care when necessary,https://www.cnn.com/2025/06/03/health/emtala-emergency-abortion-care,2025-06-03,cnn.com,,
reproductive health funding,Trump Rescinds Biden Policy Requiring Hospitals to Provide Emergency Abortions,https://www.nytimes.com/2025/06/03/us/politics/trump-emergency-abortion-rule.html,2025-06-03,nytimes.com,,
reproductive health funding,At least 20 Planned Parenthood clinics shutter amid political turbulence,https://www.schwartzreport.net/2025/06/03/at-least-20-planned-parenthood-clinics-shutter-amid-political-turbulence/,2025-06-03,schwartzreport.net,,
reproductive health funding,White House to ask Congress to codify DOGE cuts to USAID and public broadcasting,https://www.nbcnews.com/politics/congress/white-house-ask-congress-codify-doge-cuts-usaid-public-broadcasting-rcna210595,2025-06-03,nbcnews.com,,
reproductive health funding,At least 20 Planned Parenthood clinics shutter amid political turbulence,https://www.theguardian.com/us-news/2025/jun/02/at-least-20-planned-parenthood-clinics-shutter-amid-political-turbulence,2025-06-02,theguardian.com,,
reproductive health funding,Molecular Targeted Therapy Market to Surpass $246 Billion by 2034 | Exactitude Consultancy,https://www.benzinga.com/pressreleases/25/06/g45723798/molecular-targeted-therapy-market-to-surpass-246-billion-by-2034-exactitude-consultancy,2025-06-02,benzinga.com,,
reproductive health funding,"Étienne-Émile Baulieu, ‘father of the abortion pill,’ dies at 98",https://www.bostonglobe.com/2025/05/31/world/etienne-emile-baulieu-abortion-pill-dies/,2025-05-31,bostonglobe.com,,
reproductive health funding,"100 Years After Landmark Case, Federal Programs Continue to Violate Parents' Constitutional Rights",https://www.dailysignal.com/2025/05/31/100-years-after-landmark-case-federal-programs-continue-violate-parents-constitutional-rights/,2025-05-31,dailysignal.com,,
reproductive health funding,A dystopian surveillance fear has become reality in Texas,https://www.theguardian.com/commentisfree/2025/may/31/a-dystopian-surveillance-fear-has-become-reality-in-texas,2025-05-31,theguardian.com,,
reproductive health funding,Pro-Life Org to Pressure 12 GOP Senators to Support Defunding Big Abortion,https://www.breitbart.com/politics/2025/05/30/pro-life-org-to-pressure-12-gop-senators-support-defunding-planned-parenthood-big-beautiful-bill/,2025-05-30,breitbart.com,,
reproductive health funding,Health coverage losses in Mass. may be even steeper,https://www.recorder.com/Health-coverage-losses-61498033,2025-05-30,recorder.com,,
reproductive health funding,VIDEO: Michelle Obama Downplays Role of Women's Reproductive System: 'The Least of What It Does Is Produce Life',https://www.breitbart.com/health/2025/05/30/video-michelle-obama-downplays-role-womens-reproductive-system-least-it-does-is-produce-life/,2025-05-30,breitbart.com,,
reproductive health funding,An Unfortunate MAHA Blunder,https://patriotpost.us/articles/117684-an-unfortunate-maha-blunder-2025-05-30,2025-05-30,patriotpost.us,,
reproductive health funding,The Argentine Government’s War On Inflation Is Also A War On Care,https://www.forbes.com/sites/christinero/2025/05/30/the-argentine-governments-war-on-inflation-is-also-a-war-on-care/,2025-05-30,forbes.com,,
reproductive health funding,"Even where abortion is still legal, many brick-and-mortar clinics are closing",https://www.orlandosentinel.com/2025/05/30/abortion-clinics-closing/,2025-05-30,orlandosentinel.com,,
reproductive health funding,"Even where abortion is still legal, many brick-and-mortar clinics are closing",https://www.sun-sentinel.com/2025/05/30/abortion-clinics-closing/,2025-05-30,sun-sentinel.com,,
reproductive health funding,"Even where abortion is still legal, many brick-and-mortar clinics are closing",https://www.ocregister.com/2025/05/30/abortion-clinics-closing/,2025-05-30,ocregister.com,,
reproductive health funding,"Even where abortion is still legal, many brick-and-mortar clinics are closing",https://www.courant.com/2025/05/30/abortion-clinics-closing/,2025-05-30,courant.com,,
reproductive health funding,"Even where abortion is still legal, many brick-and-mortar clinics are closing",https://www.pilotonline.com/2025/05/30/abortion-clinics-closing/,2025-05-30,pilotonline.com,,
reproductive health funding,"Even where abortion is still legal, many brick-and-mortar clinics are closing",https://www.baltimoresun.com/2025/05/30/abortion-clinics-closing/,2025-05-30,baltimoresun.com,,
reproductive health funding,"Even where abortion is still legal, many brick-and-mortar clinics are closing",https://www.twincities.com/2025/05/30/abortion-clinics-closing/,2025-05-30,twincities.com,,
reproductive health funding,America might finally make childbirth free,https://www.vox.com/policy/414914/childbirth-health-insurance-free-bipartisan-congress-babies-pronatalism,2025-05-30,vox.com,,
reproductive health funding,CT lawmakers vote to insulate state from federal health policies,https://www.courant.com/2025/05/30/ct-lawmakers-vote-to-insulate-state-from-federal-health-policies/,2025-05-30,courant.com,,
reproductive health funding,"On Russia and Putin, Trump returns to his laughable ‘two weeks’ timetable",https://www.msnbc.com/rachel-maddow-show/maddowblog/russia-putin-trump-returns-laughable-two-weeks-timetable-rcna209680,2025-05-29,msnbc.com,,
reproductive health funding,Will Trump’s IVF Plan Make Room for Restorative Reproductive Medicine?,https://www.ncregister.com/news/restorative-reproductive-medicine-addresses-the-root-causes-of-infertility,2025-05-29,ncregister.com,,
reproductive health funding,Is ‘pronatalism’ really pro-children?,https://www.bostonglobe.com/2025/05/29/opinion/trump-pronatalism-pro-children/,2025-05-29,bostonglobe.com,,
reproductive health funding,"Planned Parenthood's Omaha, Lincoln clinics remain open amid closures elsewhere",https://omaha.com/news/local/business/health-care/article_f0aaf961-c294-426b-8853-25fb62585df2.html,2025-05-29,omaha.com,,
reproductive health funding,How Trump Medicaid cuts in budget bill would impact Ohio,https://www.dispatch.com/story/news/2025/05/28/trump-medicaid-cuts-budget-bill-ohio-health-care/83904806007/,2025-05-28,dispatch.com,,
reproductive health funding,"Argentina used as a ‘testing ground’ for eroding abortion rights, warns Amnesty",https://www.theguardian.com/global-development/2025/may/28/argentina-womens-rights-javier-milei-testing-ground-eroding-abortion-rights-seek-reverse-landmark-legalisation-warning-amnesty,2025-05-28,theguardian.com,,
reproductive health funding,How Trump Medicaid cuts in budget bill would impact Ohio,https://www.cincinnati.com/story/news/2025/05/28/how-trump-medicaid-cuts-in-budget-bill-would-impact-ohio/83788695007/,2025-05-28,cincinnati.com,,
reproductive health funding,Why Planned Parenthood is closing four Minnesota clinics and laying off staff,https://www.startribune.com/why-planned-parenthood-is-closing-four-minnesota-clinics-and-laying-off-staff/601362453,2025-05-27,startribune.com,,
reproductive health funding,Young scientists say they may abandon research as their career options shrink amid Trump cuts,https://www.bostonglobe.com/2025/05/27/metro/trump-administration-harvard-nih/,2025-05-27,bostonglobe.com,,
reproductive health funding,Chronic genital pain sufferers are often gaslit by doctors — here’s why,https://www.cnn.com/2025/05/26/health/women-chronic-pain-endometriosis-partner-wellness,2025-05-26,cnn.com,,
reproductive health funding,"Trump wants a ‘baby boom,’ but an ultra-conservative agenda may hurt IVF access",https://www.cnn.com/2025/05/25/us/ivf-access-babies-trump-administration,2025-05-25,cnn.com,,
reproductive health funding,'Very bleak future': 'Scary' Trump cuts force patients to travel 50 miles for healthcare,https://www.alternet.org/alternet-exclusives/trump-cuts-students/,2025-05-25,alternet.org,,
reproductive health funding,"Even where abortion is still legal, many brick-and-mortar clinics are closing",https://www.tampabay.com/news/health/2025/05/26/even-where-abortion-is-still-legal-many-brick-and-mortar-clinics-are-closing/,2025-05-26,tampabay.com,,
reproductive health funding,"Trump tax bill would gut clean energy progress in Arizona, experts say",https://www.azcentral.com/story/news/local/arizona-environment/2025/05/24/trump-tax-bill-would-gut-clean-energy-progress-in-arizona-experts-say/83821984007/,2025-05-24,azcentral.com,,
reproductive health funding,The MAHA Approach to Infertility,https://www.dailysignal.com/2025/05/24/maha-approach-to-infertility/,2025-05-24,dailysignal.com,,
reproductive health funding,A Convenient Piece of Junk Science,https://www.theatlantic.com/health/archive/2025/05/mifepristone-abortion-rfk-fda/682939/?utm_source=feed,2025-05-24,theatlantic.com,,
reproductive health funding,"Tuberville’s military promotion hold disrupted family lives but did not hurt readiness, according to watchdog",https://www.stripes.com/theaters/us/2025-05-23/tuberville-promotion-hold-gao-17889893.html?utm_source=Stars+and+Stripes+Emails&utm_campaign=Daily+Headlines&utm_medium=email,2025-05-23,stripes.com,,
reproductive health funding,A Planned Parenthood affiliate plans to close 4 clinics in Iowa and another 4 in Minnesota,https://www.ajc.com/news/2025/05/a-planned-parenthood-affiliate-plans-to-close-4-clinics-in-iowa-and-another-4-in-minnesota/,2025-05-23,ajc.com,,
reproductive health funding,What You Don't Know About Trump's Medicare Cuts,https://www.nationalmemo.com/medicare-cuts-2672192299,2025-05-23,nationalmemo.com,,
reproductive health funding,Italy's Constitutional Court says 2 mothers can register as parents on birth certificates,https://www.ajc.com/news/2025/05/italys-court-says-2-mothers-can-register-as-parents-on-birth-certificates/,2025-05-22,ajc.com,,
reproductive health funding,Senate Guts Radical California Vehicle Emissions Regulations and Leaves Democrats Furious,https://redstate.com/streiff/2025/05/22/senate-guts-radical-california-vehicle-emissions-regulations-and-leaves-democrats-furious-n2189474,2025-05-22,redstate.com,,
reproductive health funding,"Hate groups in the US decline but their influence grows, report shows",https://www.ajc.com/news/2025/05/hate-groups-in-the-us-decline-but-their-influence-grows-report-shows/,2025-05-22,ajc.com,,
reproductive health funding,Republicans snuck two devastating health care measures into Trump's megabill,https://www.motherjones.com/politics/2025/05/trump-bill-planned-parenthood-gender-affirming-care/,2025-05-22,motherjones.com,,
reproductive health funding,Senate overrules parliamentarian and votes to undo California EV rule,https://www.npr.org/2025/05/22/nx-s1-5387729/senate-california-ev-air-pollution-waiver-revoked,2025-05-22,npr.org,,
reproductive health funding,"Even where abortion is still legal, many brick-and-mortar clinics are closing",https://www.dailykos.com/story/2025/5/22/2322739/-Even-where-abortion-is-still-legal-many-brick-and-mortar-clinics-are-closing?pm_campaign=blog&pm_medium=rss&pm_source=,2025-05-22,dailykos.com,,
reproductive health funding,"Even where abortion is still legal, many brick-and-mortar clinics are closing",https://www.inquirer.com/health/planned-parenthood-clinics-close-in-abortion-states-20250522.html,2025-05-22,inquirer.com,,
